{
  "name": "YAZ",
  "symbol": "YAZ",
  "decimals": 18,
  "status": "active",
  "id": "0xeE4237bC78d6CA9b8dD3ab3489066007bF6044AF",
  "website": "https://yaz.xf2f.com",
  "description": "YAZ is a fixed-supply ERC-20 token inspired by Amazigh culture. Only 950 tokens were minted to symbolize the Amazigh calendar.",
  "links": [
    {
      "name": "github",
      "url": "https://github.com/yaz950/yaz-token-asset"
    },
    {
      "name": "whitepaper",
      "url": "https://yaz.xf2f.com/whitepaper.php"
    },
    {
      "name": "explorer",
      "url": "https://etherscan.io/token/0xeE4237bC78d6CA9b8dD3ab3489066007bF6044AF"
    }
  ]
}